,store_id,store_type,store_brand,store_name,store_addr,store_geo_lat,store_geo_lng
0,-,카페,공차,공차 홍대점,서울 마포구 어울마당로 114,37.55483575,126.9232196
0,-,카페,공차,공차 강남글라스점,서울 강남구 강남대로 406,37.49894013,127.0276228
0,-,카페,공차,공차 사당본점,서울 관악구 과천대로 945,37.47498129,126.9813842
0,-,카페,공차,공차 대학로점,서울 종로구 대명길 4,37.58380168,127.0011827
0,-,카페,공차,공차 압구정로데오점,서울 강남구 선릉로161길 22,37.52754932,127.038652
0,-,카페,공차,공차 신림역점,서울 관악구 남부순환로 1601,37.48436187,126.9284662
0,-,카페,공차,공차 영등포구청점,서울 영등포구 당산로 136,37.52668812,126.89711
0,-,카페,공차,공차 여의도점,서울 영등포구 국제금융로2길 7,37.52464906,126.9268386
0,-,카페,공차,공차 시청점,서울 중구 을지로1길 15,37.56679484,126.979722
0,-,카페,공차,공차 신촌연세로점,서울 서대문구 연세로 27,37.55805509,126.9367135
0,-,카페,공차,공차 교보타워점,서울 서초구 서초대로77길 62,37.50273084,127.023903
0,-,카페,공차,공차 노량진학원가점,서울 동작구 노량진로16길 16,37.51282433,126.9434859
0,-,카페,공차,공차 마곡나루점,서울 강서구 마곡중앙로 165,37.56858087,126.8276975
0,-,카페,공차,공차 연신내점,서울 은평구 연서로 216,37.61780002,126.9201202
0,-,카페,공차,공차 천호풍납토성점,서울 송파구 천호대로 992,37.53869908,127.1223609
0,-,카페,공차,공차 미아사거리점,서울 강북구 도봉로 52,37.61369937,127.0305285
0,-,카페,공차,공차 회기역점,서울 동대문구 회기로 188,37.58976663,127.0568191
0,-,카페,공차,공차 쌍문역점,서울 도봉구 도봉로 468,37.64738619,127.0343726
0,-,카페,공차,공차 홍대입구역점,서울 마포구 양화로 166,37.5567435,126.9241665
0,-,카페,공차,공차 양재역점,서울 서초구 남부순환로 2614,37.48447416,127.0366745
0,-,카페,공차,공차 종로그랑서울점,서울 종로구 종로 33,37.57096177,126.981438
0,-,카페,공차,공차 명동역점,서울 중구 퇴계로 109,37.56095125,126.9838628
0,-,카페,공차,공차 신사세로수길,서울 강남구 논현로175길 60,37.52437158,127.0240157
0,-,카페,공차,공차 화곡역점,서울 강서구 화곡로 142,37.54056658,126.8375818
0,-,카페,공차,공차 고속터미널점,서울 서초구 신반포로 194,37.50643574,127.0068344
0,-,카페,공차,공차 논현역점,서울 강남구 학동로 111,37.51180316,127.0229618
0,-,카페,공차,공차 한티역점,서울 강남구 선릉로 314,37.49781927,127.0523819
0,-,카페,공차,공차 홍대서교점,서울 마포구 어울마당로 49,37.54957449,126.9206655
0,-,카페,공차,공차 방이사거리점,서울 송파구 오금로 95,37.51378724,127.1076973
0,-,카페,공차,공차 건대점,서울 광진구 능동로 119,37.54175638,127.0712173
0,-,카페,공차,공차 역삼점,서울 강남구 강남대로94길 91,37.50102359,127.0345723
0,-,카페,공차,공차 노원역점,서울 노원구 노해로 494,37.65453771,127.0630331
0,-,카페,공차,공차 목동역점,서울 양천구 목동로 173,37.52399858,126.8646316
0,-,카페,공차,공차 구의점,서울 광진구 아차산로 471,37.54041878,127.0939741
0,-,카페,공차,공차 홍대창전점,서울 마포구 서강로9길 60,37.55463962,126.9305267
0,-,카페,공차,공차 명동점,서울 중구 명동7길 12-1,37.56434251,126.9844659
0,-,카페,공차,공차 상암DMC점,서울 마포구 월드컵북로 396,37.57944191,126.8903226
0,-,카페,공차,공차 합정교보문고점,서울 마포구 월드컵로3길 14,37.55100797,126.911649
0,-,카페,공차,공차 송파파크하비오점,서울 송파구 송파대로 111,37.47966838,127.1249139
0,-,카페,공차,공차 서울역점,서울 중구 한강대로 405,37.55472785,126.9695263
0,-,카페,공차,공차 경찰병원역점,서울 송파구 송파대로28길 43,37.4957322,127.1221296
0,-,카페,공차,공차 선릉인터밸리점,서울 강남구 테헤란로 322,37.50323774,127.0465818
0,-,카페,공차,공차 고대안암점,서울 성북구 고려대로24길 17,37.58544176,127.0295237
0,-,카페,공차,공차 서울과기대점,서울 노원구 공릉로 227,37.62944629,127.0764483
0,-,카페,공차,공차 서울숲점,서울 성동구 왕십리로 94-2,37.54612285,127.0449154
0,-,카페,공차,쥬씨,서울 용산구 한강대로30길 25,37.52735855,126.9688617
0,-,카페,공차,공차 가산점,서울 금천구 가산디지털1로 186,37.48191309,126.8815811
0,-,카페,공차,공차 타임스퀘어점,서울 영등포구 영중로 15,37.51723326,126.903716
0,-,카페,공차,공차 구로디지털2호점,서울 구로구 디지털로 288,37.48356957,126.8955028
0,-,카페,공차,공차 교대점,서울 서초구 서초중앙로 125,37.49300947,127.0134188
0,-,카페,공차,공차 숙명여대점,서울 용산구 청파로47길 78,37.54510013,126.9661952
0,-,카페,공차,공차 대학로마로니에점,서울 종로구 대학로10길 20,37.58161267,127.0032488
0,-,카페,공차,공차 양재본점,서울 서초구 바우뫼로 158,37.47729733,127.0375801
0,-,카페,공차,공차 어린이대공원역점,서울 광진구 광나루로 398,37.54718075,127.073715
0,-,카페,공차,공차 이수점,서울 동작구 동작대로27길 14,37.48765008,126.9811794
0,-,카페,공차,공차 아차산역점,서울 광진구 천호대로 671,37.55133924,127.0905325
0,-,카페,공차,공차 마포역점,서울 마포구 마포대로 33,37.53998479,126.9454475
0,-,카페,공차,공차 강남역점,서울 서초구 서초동 1373,37.50107923,127.0259566
0,-,카페,공차,공차 강남메가박스점,서울 서초구 서초대로77길 3,37.49806091,127.0265048
0,-,카페,공차,공차 약수점,서울 중구 동호로 192,37.55536416,127.01066
0,-,카페,공차,공차 방이역점,서울 송파구 마천로5길 6,37.50889021,127.1268387
0,-,카페,공차,공차 잠실엘스점,서울 송파구 올림픽로 119,37.51208443,127.0841862
0,-,카페,공차,공차 대림점,서울 영등포구 대림로29길 13,37.49530067,126.8980583
0,-,카페,공차,공차 건대로데오점,서울 광진구 동일로20길 94,37.53985031,127.0686284
0,-,카페,공차,공차 한양대점,서울 성동구 마조로 21,37.55990528,127.0408244
0,-,카페,공차,공차 용산아이파크몰점,서울 용산구 한강대로23길 55,37.5297718,126.9647415
0,-,카페,공차,공차 태평로점,서울 중구 세종대로14길 6-2,37.56291502,126.9770737
0,-,카페,공차,공차 압구정역점,서울 강남구 압구정로34길 11,37.52737634,127.0309741
0,-,카페,공차,공차 서촌점,서울 종로구 자하문로 23,37.57807846,126.9714769
0,-,카페,공차,공차 종로센트로폴리스점,서울 종로구 우정국로 26,37.57149666,126.983659
0,-,카페,공차,공차 사가정역점,서울 중랑구 면목로 313,37.58008625,127.0880033
0,-,카페,공차,공차 광운대점,서울 노원구 광운로 20,37.61932035,127.0583381
0,-,카페,공차,공차 이대점,서울 서대문구 신촌로 173-2,37.55697883,126.9453455
0,-,카페,공차,공차 대치은마사거리점,서울 강남구 삼성로 238,37.49863241,127.0613981
0,-,카페,공차,공차 증미역점,서울 강서구 양천로 559,37.55819481,126.8618176
0,-,카페,공차,공차 중앙대점,서울 동작구 흑석로 83-2,37.50726836,126.9589231
0,-,카페,공차,공차 명일역점,서울 강동구 구천면로 429,37.55039883,127.1464906
0,-,카페,공차,공차 석촌역점,서울 송파구 백제고분로 387,37.50650999,127.1085145
0,-,카페,공차,공차 잠실롯데몰점,서울 송파구 올림픽로 300,37.51375196,127.1044469
0,-,카페,공차,공차 강남대성학원점,서울 강남구 강남대로84길 16,37.49669,127.0300257
0,-,카페,공차,공차 고덕역점,서울 강동구 동남로73길 17,37.55275056,127.1550754
0,-,카페,공차,공차 보라매점,서울 관악구 보라매로5가길 7,37.4918464,126.9251761
0,-,카페,공차,공차 현대목동점,서울 양천구 목동동로 257,37.52719787,126.8746912
0,-,카페,공차,공차 정동점,서울 중구 새문안로 26,37.56751208,126.9687775
0,-,카페,공차,공차 신정네거리역점,서울 양천구 중앙로 264,37.51998133,126.8532793
0,-,카페,공차,공차 녹번역점,서울 은평구 은평로 226,37.60084945,126.9327162
0,-,카페,공차,공차 문정법조타운점,서울 송파구 법원로 114,37.48605528,127.1210094
0,-,카페,공차,공차 포도몰점,서울 관악구 신림로 330,37.48385134,126.9302345
0,-,카페,공차,공차 동대문종합시장점,서울 종로구 종로 266,37.57070649,127.0073287
0,-,카페,공차,공차 오목교역점,서울 양천구 오목로 329,37.52491395,126.8741244
0,-,카페,공차,공차 동국대점,서울 중구 서애로1길 11,37.56134257,126.9985981
0,-,카페,공차,공차 대치점,서울 강남구 삼성로 155,37.4938814,127.0629519
0,-,카페,공차,공차 을지로2가점,서울 중구 삼일대로 358,37.56648901,126.9881037
0,-,카페,공차,공차 영풍문고종로점,서울 종로구 청계천로 41,37.56966797,126.9821793
0,-,카페,공차,공차 파르나스몰점,서울 강남구 테헤란로 521,37.50919169,127.0608069
0,-,카페,공차,공차 남부터미널점,서울 서초구 효령로 292,37.48354661,127.0151109
0,-,카페,공차,공차 잠실학원사거리점,서울 송파구 석촌호수로 138,37.50704728,127.0922629
0,-,카페,공차,공차 연세암병원점,서울 서대문구 연세로 50-1,37.56140578,126.9408234
0,-,카페,공차,공차 서초마제스타시티점,서울 서초구 서초대로38길 12,37.49049503,127.0053816
0,-,카페,공차,공차 동대문밀리오레점,서울 중구 장충단로13길 5,37.56774765,127.0083315
0,-,카페,공차,공차 현대디큐브점,서울 구로구 경인로 662,37.50812307,126.888213
0,-,카페,공차,공차 건대스타시티점,서울 광진구 아차산로 272,37.53855827,127.0729962
0,-,카페,공차,공차 NC불광점,서울 은평구 불광로 20,37.60973577,126.9289385
0,-,카페,공차,공차 용산아스테리움점,서울 용산구 한강대로30길 25,37.52735855,126.9688617
0,-,카페,공차,공차 국악고점,서울 강남구 개포로22길 46,37.47621269,127.0495724
0,-,카페,공차,공차 현대아울렛가산점,서울 금천구 디지털로10길 9,37.47761902,126.8890553
0,-,카페,공차,공차 강남성심병원점,서울 영등포구 신길로 1,37.49324974,126.9086739
0,-,카페,공차,공차 여의도미원빌딩점,서울 영등포구 국제금융로 70,37.52149462,126.9306778
0,-,카페,공차,공차 현대천호점,서울 강동구 천호대로 1005,37.53897505,127.124441
0,-,카페,공차,공차 동대문디자인플라자점,서울 중구 을지로 281,37.56801422,127.0109091
0,-,카페,공차,공차 상일동역점,서울 강동구 고덕로 399,37.55744052,127.1696789
0,-,카페,공차,공차 NC중계점,서울 노원구 동일로204가길 46,37.64128649,127.0679074
0,-,카페,공차,공차 잠실지하상가점,서울 송파구 올림픽로 지하,37.51354808,127.1001931
0,-,카페,공차,공차 내방역점,서울 서초구 서초대로 108,37.48752619,126.9942016
0,-,카페,공차,공차 왕십리센트라스점,서울 성동구 왕십리로 410,37.5665905,127.0240825
0,-,카페,공차,공차 NC강서점,서울 강서구 강서로56길 17,37.55993353,126.8404988
0,-,카페,공차,공차 코엑스점,서울 강남구 영동대로 513,37.51182391,127.059159
0,-,카페,공차,공차 김포공항국내선점,서울 강서구 하늘길 112,37.55878415,126.8033553
0,-,카페,공차,공차 고투몰점,서울 서초구 신반포로 지하,37.50529217,127.0011922
0,-,카페,공차,공차 서초점,서울 서초구 효령로55길 28,37.48613276,127.0144795
0,-,카페,공차,공차 홈플러스상봉점,서울 중랑구 상봉동 500,37.59810122,127.0905137
0,-,카페,공차,공차 마리오아울렛점,서울 금천구 디지털로 185,37.47812746,126.8872528
0,-,카페,공차,공차 하월곡점,서울 성북구 종암로 167,37.60505876,127.0309904
0,-,카페,공차,공차 페럼타워점,서울 중구 을지로5길 19,37.5669394,126.9841405
0,-,카페,공차,공차 이대서울병원점,서울 강서구 공항대로 260,37.55726286,126.8362668
0,-,카페,공차,공차 이대익스프레스점,서울 서대문구 이화여대길 48,37.55905543,126.9458803
0,-,카페,공차,공차 중계은행사거리점,서울 노원구 한글비석로 245,37.6492608,127.0763611
0,-,카페,공차,공차 송파헬리오시티점,서울 송파구 송파대로 345,37.49761457,127.1025318
0,-,카페,공차,공차 여의도전경련회관점,서울 영등포구 여의대로 24,37.52218032,126.9199166
0,-,카페,공차,공차 현대신촌점,서울 서대문구 신촌로 83,37.55608306,126.9358449
0,-,카페,공차,공차 대한상공회의소점,서울 중구 세종대로 39,37.56071365,126.9737753
0,-,카페,공차,공차 황학롯데캐슬점,서울 중구 청계천로 400,37.57081055,127.0214639
0,-,카페,공차,공차 왕십리역사점,서울 성동구 왕십리광장로 17,37.56144175,127.0383942
0,-,카페,공차,공차 성수성원점,서울 성동구 뚝섬로 379,37.53992923,127.0534942
0,-,카페,공차,공차 롯데시네마 은평점,서울 은평구 통일로 1050,37.63753667,126.9179003
0,-,카페,공차,공차 숭례문점,서울 중구 세종대로 22,37.5585302,126.9742893
0,-,카페,공차,공차 여의도역사점,서울 영등포구 여의나루로 지하,37.52267138,126.9246528
0,-,카페,공차,공차 한양대한양플라자점,서울 성동구 왕십리로 222,37.55450355,127.0466112
0,-,카페,공차,공차 코엑스도심공항점,서울 강남구 테헤란로87길 22,37.50963226,127.0594434
0,-,카페,공차,공차 NC천호점,서울 강동구 구천면로 189,37.54159201,127.1255364
0,-,카페,공차,공차 신도림테크노마트점,서울 구로구 새말로 97,37.50704384,126.8902273
0,-,카페,공차,공차 서울타워점,서울 용산구 남산공원길 105,37.55112257,126.9878678
0,-,카페,공차,공차 영풍문고신림점,서울 관악구 신림로 330,37.48385134,126.9302345
0,-,카페,공차,공차 을지로트윈타워점,서울 중구 을지로 170,37.56613918,126.9973275
0,-,카페,공차,공차 동대문롯데피트인점,서울 중구 을지로 264,37.56574346,127.0070643
0,-,카페,공차,공차 롯데월드점,서울 송파구 올림픽로 240,37.51130961,127.0981418
0,-,카페,공차,공차 고대구로병원점,서울 구로구 구로동로 148,37.49117964,126.8846377
0,-,카페,공차,공차 국민대점,서울 성북구 정릉로 77,37.61028784,126.9985206
0,-,카페,공차,공차 고대안암병원점,서울 성북구 고려대로 73,37.58711097,127.0263572
0,-,카페,공차,공차 현대아울렛동대문점,서울 중구 장충단로13길 20,37.56873455,127.0076665
0,-,카페,공차,공차 NC강남점,서울 서초구 잠원로 51,37.50923945,127.0074386
0,-,카페,공차,공차 롯데영플라자점,서울 중구 남대문로 67,37.56348677,126.9815302
0,-,카페,공차,공차 홈플러스영등포점,서울 영등포구 당산로 42,37.5182397,126.8958802
0,-,카페,공차,공차 서강대점,서울 마포구 대흥동 22-60,37.5510386,126.9422293
0,-,카페,공차,공차 암사역점,서울 강동구 올림픽로 777,37.55051458,127.1274058
0,-,카페,공차,공차 롯데미아점,서울 강북구 도봉로 62,37.61459298,127.0305177
0,-,카페,공차,공차 강변테크노마트점,서울 광진구 광나루로56길 85,37.53572518,127.0956922
0,-,카페,공차,공차 역삼 GFC점,서울 강남구 논현로85길 13,37.49910511,127.0362538
0,-,카페,공차,공차 성수역점,서울 성동구 성수이로20길 3,37.54373594,127.0571763
0,-,카페,공차,공차 김포공항국제선점,서울 강서구 하늘길 38,37.57136985,126.8029604
0,-,카페,공차,공차 신세계본점,서울 중구 소공로 63,37.56091902,126.980979
0,-,카페,공차,공차,서울 동대문구 왕산로 214,37.58419614,127.0511471
0,-,카페,공차,공차 롯데월드어드벤처점,서울 송파구 올림픽로 240,37.51130961,127.0981418
0,-,카페,공차,공차 선릉인터밸리점,서울 강남구 역삼동 707-34,37.50297358,127.0465323
0,-,카페,공차,공차 가톨릭서울성모병원점,서울 서초구 반포대로 222,37.50239362,127.0058606
0,-,카페,공차,공차 선릉역사점,서울 강남구 테헤란로 지하,37.5003441,127.0514937
0,-,카페,공차,공차 롯데월드매직아일랜드점,서울 송파구 올림픽로 240,37.51130961,127.0981418
0,-,카페,공차,공차 현대백화점미아점,서울 성북구 동소문로 315,37.60839984,127.0287436
0,-,카페,공차,공차 가재울점,서울 서대문구 가재울미래로 2,37.57442036,126.9178974
